{
    "total_runtime": 0.3704855442047119,
    "num_documents": 1,
    "input_load_time": 0,
    "workflows": {
        "create_base_text_units": {
            "overall": 0.2599196434020996,
            "0_orderby": 0.001371145248413086,
            "1_zip": 0.0015053749084472656,
            "2_aggregate_override": 0.002465963363647461,
            "3_chunk": 0.2189626693725586,
            "4_select": 0.002155303955078125,
            "5_unroll": 0.0023746490478515625,
            "6_rename": 0.0018396377563476562,
            "7_genid": 0.011621952056884766,
            "8_unzip": 0.002384185791015625,
            "9_copy": 0.0019922256469726562,
            "10_filter": 0.01194453239440918
        }
    }
}