{
    "total_runtime": 2.020145893096924,
    "num_documents": 1,
    "input_load_time": 0,
    "workflows": {
        "create_base_text_units": {
            "overall": 0.12405681610107422,
            "0_orderby": 0.0014102458953857422,
            "1_zip": 0.0015442371368408203,
            "2_aggregate_override": 0.002578258514404297,
            "3_chunk": 0.09799718856811523,
            "4_select": 0.0022513866424560547,
            "5_unroll": 0.0023806095123291016,
            "6_rename": 0.0018184185028076172,
            "7_genid": 0.0022885799407958984,
            "8_unzip": 0.002236604690551758,
            "9_copy": 0.0019958019256591797,
            "10_filter": 0.00624537467956543
        },
        "create_base_extracted_entities": {
            "overall": 0.06287884712219238,
            "0_entity_extract": 0.04681825637817383,
            "1_snapshot": 0.003773212432861328,
            "2_merge_graphs": 0.006704092025756836,
            "3_snapshot_rows": 0.003012418746948242
        },
        "create_summarized_entities": {
            "overall": 0.015701770782470703,
            "0_summarize_descriptions": 0.009380817413330078,
            "1_snapshot_rows": 0.0033464431762695312
        },
        "create_base_entity_graph": {
            "overall": 0.022646188735961914,
            "0_cluster_graph": 0.007782936096191406,
            "1_snapshot_rows": 0.0037839412689208984,
            "2_snapshot_rows": 0.004103660583496094,
            "3_select": 0.003638744354248047
        },
        "create_final_entities": {
            "overall": 0.08823823928833008,
            "0_unpack_graph": 0.004776716232299805,
            "1_rename": 0.0037496089935302734,
            "2_select": 0.003926992416381836,
            "3_dedupe": 0.0041120052337646484,
            "4_rename": 0.004009246826171875,
            "5_filter": 0.009793758392333984,
            "6_text_split": 0.004693746566772461,
            "7_drop": 0.004454374313354492,
            "8_merge": 0.0068285465240478516,
            "9_text_embed": 0.0221405029296875,
            "10_drop": 0.004935026168823242,
            "11_filter": 0.010863304138183594
        },
        "create_final_nodes": {
            "overall": 0.0929710865020752,
            "0_layout_graph": 0.008122444152832031,
            "1_unpack_graph": 0.006007671356201172,
            "2_unpack_graph": 0.005995750427246094,
            "3_drop": 0.005364179611206055,
            "4_filter": 0.012169361114501953,
            "5_select": 0.005532026290893555,
            "6_snapshot": 0.005930900573730469,
            "7_rename": 0.005791425704956055,
            "8_join": 0.008193731307983398,
            "9_convert": 0.018750429153442383,
            "10_rename": 0.006155252456665039
        },
        "create_final_communities": {
            "overall": 0.13164401054382324,
            "0_unpack_graph": 0.007230520248413086,
            "1_unpack_graph": 0.006969928741455078,
            "2_aggregate_override": 0.007408618927001953,
            "3_join": 0.008966684341430664,
            "4_join": 0.008771896362304688,
            "5_concat": 0.006867885589599609,
            "6_filter": 0.015637874603271484,
            "7_aggregate_override": 0.007972955703735352,
            "8_join": 0.009121417999267578,
            "9_filter": 0.016048669815063477,
            "10_fill": 0.007397174835205078,
            "11_merge": 0.0076596736907958984,
            "12_copy": 0.007497549057006836,
            "13_select": 0.007580280303955078
        },
        "join_text_units_to_entity_ids": {
            "overall": 0.03420901298522949,
            "0_select": 0.008008480072021484,
            "1_unroll": 0.008612394332885742,
            "2_aggregate_override": 0.009359121322631836
        },
        "create_final_relationships": {
            "overall": 0.11106204986572266,
            "0_unpack_graph": 0.009296894073486328,
            "1_filter": 0.018816471099853516,
            "2_rename": 0.008650541305541992,
            "3_filter": 0.0187070369720459,
            "4_drop": 0.008949756622314453,
            "5_compute_edge_combined_degree": 0.010536909103393555,
            "6_convert": 0.01833796501159668,
            "7_convert": 0.009103536605834961
        },
        "join_text_units_to_relationship_ids": {
            "overall": 0.04922008514404297,
            "0_select": 0.00949549674987793,
            "1_unroll": 0.009950876235961914,
            "2_aggregate_override": 0.010343790054321289,
            "3_select": 0.009748697280883789
        }
    }
}