{
    "total_runtime": 6131.902627944946,
    "num_documents": 1,
    "input_load_time": 0,
    "workflows": {
        "create_base_text_units": {
            "overall": 0.25355005264282227,
            "0_orderby": 0.0013530254364013672,
            "1_zip": 0.0014832019805908203,
            "2_aggregate_override": 0.0024776458740234375,
            "3_chunk": 0.21232342720031738,
            "4_select": 0.002138853073120117,
            "5_unroll": 0.0023641586303710938,
            "6_rename": 0.0018057823181152344,
            "7_genid": 0.011948108673095703,
            "8_unzip": 0.0023546218872070312,
            "9_copy": 0.001981496810913086,
            "10_filter": 0.012056112289428711
        },
        "create_base_extracted_entities": {
            "overall": 5064.763651609421,
            "0_entity_extract": 5063.523392915726,
            "1_snapshot": 0.0845940113067627,
            "2_merge_graphs": 1.1465480327606201,
            "3_snapshot_rows": 0.00632476806640625
        },
        "create_summarized_entities": {
            "overall": 169.1612160205841,
            "0_summarize_descriptions": 169.1511037349701,
            "1_snapshot_rows": 0.007139682769775391
        },
        "create_base_entity_graph": {
            "overall": 0.4027822017669678,
            "0_cluster_graph": 0.37021517753601074,
            "1_snapshot_rows": 0.013134241104125977,
            "2_snapshot_rows": 0.012390851974487305,
            "3_select": 0.003715038299560547
        },
        "create_final_entities": {
            "overall": 120.03614211082458,
            "0_unpack_graph": 0.22090506553649902,
            "1_rename": 0.004110097885131836,
            "2_select": 0.0042226314544677734,
            "3_dedupe": 0.004464149475097656,
            "4_rename": 0.004183769226074219,
            "5_filter": 0.015511035919189453,
            "6_text_split": 0.013226032257080078,
            "7_drop": 0.004494905471801758,
            "8_merge": 0.08710241317749023,
            "9_text_embed": 119.64340662956238,
            "10_drop": 0.009045124053955078,
            "11_filter": 0.021514892578125
        },
        "create_final_nodes": {
            "overall": 1.4885368347167969,
            "0_layout_graph": 0.776364803314209,
            "1_unpack_graph": 0.23451972007751465,
            "2_unpack_graph": 0.25209856033325195,
            "3_drop": 0.006258249282836914,
            "4_filter": 0.15794944763183594,
            "5_select": 0.005859851837158203,
            "6_snapshot": 0.006783485412597656,
            "7_rename": 0.005825996398925781,
            "8_join": 0.012115001678466797,
            "9_convert": 0.018999099731445312,
            "10_rename": 0.00630950927734375
        },
        "create_final_communities": {
            "overall": 0.6971137523651123,
            "0_unpack_graph": 0.2374260425567627,
            "1_unpack_graph": 0.21791577339172363,
            "2_aggregate_override": 0.008276224136352539,
            "3_join": 0.012153863906860352,
            "4_join": 0.011603832244873047,
            "5_concat": 0.007103443145751953,
            "6_filter": 0.1237945556640625,
            "7_aggregate_override": 0.012188196182250977,
            "8_join": 0.009284496307373047,
            "9_filter": 0.01637887954711914,
            "10_fill": 0.00733494758605957,
            "11_merge": 0.011491537094116211,
            "12_copy": 0.007519245147705078,
            "13_select": 0.007643461227416992
        },
        "join_text_units_to_entity_ids": {
            "overall": 0.05043625831604004,
            "0_select": 0.007802486419677734,
            "1_unroll": 0.008984804153442383,
            "2_aggregate_override": 0.025338411331176758
        },
        "create_final_relationships": {
            "overall": 0.37430834770202637,
            "0_unpack_graph": 0.24317383766174316,
            "1_filter": 0.040659427642822266,
            "2_rename": 0.008425474166870117,
            "3_filter": 0.026473283767700195,
            "4_drop": 0.008691787719726562,
            "5_compute_edge_combined_degree": 0.010888099670410156,
            "6_convert": 0.018092632293701172,
            "7_convert": 0.009276390075683594
        },
        "join_text_units_to_relationship_ids": {
            "overall": 0.061041831970214844,
            "0_select": 0.009233713150024414,
            "1_unroll": 0.010135412216186523,
            "2_aggregate_override": 0.022524356842041016,
            "3_select": 0.00954580307006836
        },
        "create_final_community_reports": {
            "overall": 772.1158967018127,
            "0_prepare_community_reports_nodes": 0.039320945739746094,
            "1_prepare_community_reports_edges": 0.013373374938964844,
            "2_restore_community_hierarchy": 0.013166666030883789,
            "3_prepare_community_reports": 0.13836050033569336,
            "4_create_community_reports": 771.8823790550232,
            "5_window": 0.018819570541381836
        },
        "create_final_text_units": {
            "overall": 0.07997274398803711,
            "0_select": 0.010227441787719727,
            "1_rename": 0.010213375091552734,
            "2_join": 0.013094663619995117,
            "3_join": 0.012982845306396484,
            "4_aggregate_override": 0.011965513229370117,
            "5_select": 0.010766029357910156
        },
        "create_base_documents": {
            "overall": 0.12611627578735352,
            "0_unroll": 0.01201629638671875,
            "1_select": 0.011120796203613281,
            "2_rename": 0.011097192764282227,
            "3_join": 0.013286828994750977,
            "4_aggregate_override": 0.01207590103149414,
            "5_join": 0.013290643692016602,
            "6_rename": 0.011594295501708984,
            "7_convert": 0.030370473861694336
        },
        "create_final_documents": {
            "overall": 0.024334192276000977,
            "0_rename": 0.01181793212890625
        }
    }
}