{
    "total_runtime": 726.4656801223755,
    "num_documents": 1,
    "input_load_time": 0,
    "workflows": {
        "create_base_text_units": {
            "overall": 0.13693571090698242,
            "0_orderby": 0.0013680458068847656,
            "1_zip": 0.0014917850494384766,
            "2_aggregate_override": 0.0024271011352539062,
            "3_chunk": 0.11069273948669434,
            "4_select": 0.001817941665649414,
            "5_unroll": 0.002277851104736328,
            "6_rename": 0.0017769336700439453,
            "7_genid": 0.003690958023071289,
            "8_unzip": 0.002160787582397461,
            "9_copy": 0.0019075870513916016,
            "10_filter": 0.006052970886230469
        },
        "create_base_extracted_entities": {
            "overall": 371.47547721862793,
            "0_entity_extract": 371.4116768836975,
            "1_snapshot": 0.013894081115722656,
            "2_merge_graphs": 0.044145822525024414,
            "3_snapshot_rows": 0.003268003463745117
        },
        "create_summarized_entities": {
            "overall": 59.717116355895996,
            "0_summarize_descriptions": 59.70814657211304,
            "1_snapshot_rows": 0.006069660186767578
        },
        "create_base_entity_graph": {
            "overall": 0.05323147773742676,
            "0_cluster_graph": 0.03696036338806152,
            "1_snapshot_rows": 0.0049479007720947266,
            "2_snapshot_rows": 0.004667043685913086,
            "3_select": 0.003469228744506836
        },
        "create_final_entities": {
            "overall": 25.146536827087402,
            "0_unpack_graph": 0.014561653137207031,
            "1_rename": 0.0036725997924804688,
            "2_select": 0.003779888153076172,
            "3_dedupe": 0.003990650177001953,
            "4_rename": 0.0038704872131347656,
            "5_filter": 0.010524511337280273,
            "6_text_split": 0.005997180938720703,
            "7_drop": 0.0043182373046875,
            "8_merge": 0.021251916885375977,
            "9_text_embed": 25.04299545288086,
            "10_drop": 0.009180545806884766,
            "11_filter": 0.018683671951293945
        },
        "create_final_nodes": {
            "overall": 0.1631619930267334,
            "0_layout_graph": 0.04704761505126953,
            "1_unpack_graph": 0.025432109832763672,
            "2_unpack_graph": 0.016921043395996094,
            "3_drop": 0.0052378177642822266,
            "4_filter": 0.014104127883911133,
            "5_select": 0.005498170852661133,
            "6_snapshot": 0.00594019889831543,
            "7_rename": 0.005706310272216797,
            "8_convert": 0.0178983211517334,
            "9_join": 0.008341312408447266,
            "10_rename": 0.0059239864349365234
        },
        "create_final_communities": {
            "overall": 0.15820860862731934,
            "0_unpack_graph": 0.01743030548095703,
            "1_unpack_graph": 0.015645980834960938,
            "2_aggregate_override": 0.007449150085449219,
            "3_join": 0.00915980339050293,
            "4_join": 0.008930206298828125,
            "5_concat": 0.006695747375488281,
            "6_filter": 0.02236318588256836,
            "7_aggregate_override": 0.008768081665039062,
            "8_join": 0.008970499038696289,
            "9_filter": 0.01561284065246582,
            "10_fill": 0.007142543792724609,
            "11_merge": 0.008867025375366211,
            "12_copy": 0.007267951965332031,
            "13_select": 0.007456064224243164
        },
        "join_text_units_to_entity_ids": {
            "overall": 0.0350949764251709,
            "0_select": 0.007672309875488281,
            "1_unroll": 0.008399724960327148,
            "2_aggregate_override": 0.011186599731445312
        },
        "create_final_relationships": {
            "overall": 0.11942172050476074,
            "0_unpack_graph": 0.019173860549926758,
            "1_filter": 0.01990795135498047,
            "2_rename": 0.00826120376586914,
            "3_filter": 0.01876521110534668,
            "4_drop": 0.008450031280517578,
            "5_compute_edge_combined_degree": 0.010087728500366211,
            "6_convert": 0.017450332641601562,
            "7_convert": 0.00882720947265625
        },
        "join_text_units_to_relationship_ids": {
            "overall": 0.049039363861083984,
            "0_select": 0.009186029434204102,
            "1_unroll": 0.009615898132324219,
            "2_aggregate_override": 0.0115966796875,
            "3_select": 0.009289979934692383
        },
        "create_final_community_reports": {
            "overall": 267.2329411506653,
            "0_prepare_community_reports_nodes": 0.012926340103149414,
            "1_prepare_community_reports_edges": 0.010888338088989258,
            "2_restore_community_hierarchy": 0.011505603790283203,
            "3_prepare_community_reports": 0.054743051528930664,
            "4_create_community_reports": 267.11349081993103,
            "5_window": 0.01930999755859375
        },
        "create_final_text_units": {
            "overall": 0.07886147499084473,
            "0_select": 0.010320663452148438,
            "1_rename": 0.010205507278442383,
            "2_join": 0.01272726058959961,
            "3_join": 0.012571334838867188,
            "4_aggregate_override": 0.011635541915893555,
            "5_select": 0.010848045349121094
        },
        "create_base_documents": {
            "overall": 0.14141249656677246,
            "0_unroll": 0.011725902557373047,
            "1_select": 0.011146068572998047,
            "2_rename": 0.02167820930480957,
            "3_join": 0.025776147842407227,
            "4_aggregate_override": 0.01182866096496582,
            "5_join": 0.013152837753295898,
            "6_rename": 0.011461973190307617,
            "7_convert": 0.023225069046020508
        },
        "create_final_documents": {
            "overall": 0.02418231964111328,
            "0_rename": 0.011948585510253906
        }
    }
}