{
    "total_runtime": 593.4692096710205,
    "num_documents": 1,
    "input_load_time": 0,
    "workflows": {
        "create_base_text_units": {
            "overall": 0.14137792587280273,
            "0_orderby": 0.0014052391052246094,
            "1_zip": 0.0015327930450439453,
            "2_aggregate_override": 0.002559185028076172,
            "3_chunk": 0.11492037773132324,
            "4_select": 0.0018568038940429688,
            "5_unroll": 0.002389192581176758,
            "6_rename": 0.0018336772918701172,
            "7_genid": 0.003023386001586914,
            "8_unzip": 0.0022423267364501953,
            "9_copy": 0.002008199691772461,
            "10_filter": 0.0062808990478515625
        },
        "create_base_extracted_entities": {
            "overall": 520.3855397701263,
            "0_entity_extract": 520.3148016929626,
            "1_snapshot": 0.0147705078125,
            "2_merge_graphs": 0.04989910125732422,
            "3_snapshot_rows": 0.003475666046142578
        },
        "create_summarized_entities": {
            "overall": 22.281935453414917,
            "0_summarize_descriptions": 22.2726891040802,
            "1_snapshot_rows": 0.00635981559753418
        },
        "create_base_entity_graph": {
            "overall": 0.03183102607727051,
            "0_cluster_graph": 0.01703166961669922,
            "1_snapshot_rows": 0.004004478454589844,
            "2_snapshot_rows": 0.003983736038208008,
            "3_select": 0.0035991668701171875
        },
        "create_final_entities": {
            "overall": 19.014061450958252,
            "0_unpack_graph": 0.008105993270874023,
            "1_rename": 0.0037598609924316406,
            "2_select": 0.003919124603271484,
            "3_dedupe": 0.003999471664428711,
            "4_rename": 0.004026174545288086,
            "5_filter": 0.009811162948608398,
            "6_text_split": 0.005681276321411133,
            "7_drop": 0.004395723342895508,
            "8_merge": 0.017650127410888672,
            "9_text_embed": 18.932844638824463,
            "10_drop": 0.004888057708740234,
            "11_filter": 0.011113643646240234
        },
        "create_final_nodes": {
            "overall": 0.12301158905029297,
            "0_layout_graph": 0.020150184631347656,
            "1_unpack_graph": 0.009029150009155273,
            "2_unpack_graph": 0.0090484619140625,
            "3_drop": 0.005321025848388672,
            "4_filter": 0.012136697769165039,
            "5_select": 0.005568265914916992,
            "6_snapshot": 0.00610661506652832,
            "7_rename": 0.005791187286376953,
            "8_convert": 0.030089139938354492,
            "9_join": 0.008445024490356445,
            "10_rename": 0.0060808658599853516
        },
        "create_final_communities": {
            "overall": 0.14014101028442383,
            "0_unpack_graph": 0.011479377746582031,
            "1_unpack_graph": 0.009828805923461914,
            "2_aggregate_override": 0.007643461227416992,
            "3_join": 0.009216785430908203,
            "4_join": 0.008962392807006836,
            "5_concat": 0.006829977035522461,
            "6_filter": 0.015636205673217773,
            "7_aggregate_override": 0.008146047592163086,
            "8_join": 0.009170055389404297,
            "9_filter": 0.016083478927612305,
            "10_fill": 0.007333517074584961,
            "11_merge": 0.007894277572631836,
            "12_copy": 0.007595539093017578,
            "13_select": 0.00764918327331543
        },
        "join_text_units_to_entity_ids": {
            "overall": 0.03514814376831055,
            "0_select": 0.007814645767211914,
            "1_unroll": 0.008635759353637695,
            "2_aggregate_override": 0.010628938674926758
        },
        "create_final_relationships": {
            "overall": 0.11151242256164551,
            "0_unpack_graph": 0.012492895126342773,
            "1_filter": 0.01807260513305664,
            "2_rename": 0.008429765701293945,
            "3_filter": 0.018074989318847656,
            "4_drop": 0.00876307487487793,
            "5_compute_edge_combined_degree": 0.01032876968383789,
            "6_convert": 0.017748117446899414,
            "7_convert": 0.009026288986206055
        },
        "join_text_units_to_relationship_ids": {
            "overall": 0.05039191246032715,
            "0_select": 0.009496688842773438,
            "1_unroll": 0.010049104690551758,
            "2_aggregate_override": 0.011656522750854492,
            "3_select": 0.009697675704956055
        },
        "create_final_community_reports": {
            "overall": 28.95826029777527,
            "0_prepare_community_reports_nodes": 0.011189460754394531,
            "1_prepare_community_reports_edges": 0.01054692268371582,
            "2_restore_community_hierarchy": 0.011242151260375977,
            "3_prepare_community_reports": 0.02013707160949707,
            "4_create_community_reports": 28.87565302848816,
            "5_window": 0.019123077392578125
        },
        "create_final_text_units": {
            "overall": 0.08061337471008301,
            "0_select": 0.010561227798461914,
            "1_rename": 0.010550260543823242,
            "2_join": 0.012975692749023438,
            "3_join": 0.012905359268188477,
            "4_aggregate_override": 0.01179194450378418,
            "5_select": 0.010985612869262695
        },
        "create_base_documents": {
            "overall": 0.12362313270568848,
            "0_unroll": 0.012219905853271484,
            "1_select": 0.011577129364013672,
            "2_rename": 0.011688947677612305,
            "3_join": 0.01382589340209961,
            "4_aggregate_override": 0.012470006942749023,
            "5_join": 0.013753414154052734,
            "6_rename": 0.012109756469726562,
            "7_convert": 0.02435898780822754
        },
        "create_final_documents": {
            "overall": 0.02489161491394043,
            "0_rename": 0.012158632278442383
        }
    }
}