{
    "total_runtime": 3870.5119819641113,
    "num_documents": 1,
    "input_load_time": 0,
    "workflows": {
        "create_base_text_units": {
            "overall": 0.1240701675415039,
            "0_orderby": 0.001421213150024414,
            "1_zip": 0.0015194416046142578,
            "2_aggregate_override": 0.0024945735931396484,
            "3_chunk": 0.0979909896850586,
            "4_select": 0.0022325515747070312,
            "5_unroll": 0.0023415088653564453,
            "6_rename": 0.0018153190612792969,
            "7_genid": 0.0022530555725097656,
            "8_unzip": 0.002209186553955078,
            "9_copy": 0.0019805431365966797,
            "10_filter": 0.006569623947143555
        },
        "create_base_extracted_entities": {
            "overall": 3735.558308362961,
            "0_entity_extract": 3735.531446456909,
            "1_snapshot": 0.006431102752685547,
            "2_merge_graphs": 0.012435674667358398,
            "3_snapshot_rows": 0.005461215972900391
        },
        "create_summarized_entities": {
            "overall": 65.12831830978394,
            "0_summarize_descriptions": 65.12215948104858,
            "1_snapshot_rows": 0.003268718719482422
        },
        "create_base_entity_graph": {
            "overall": 0.031208276748657227,
            "0_cluster_graph": 0.016773223876953125,
            "1_snapshot_rows": 0.0038175582885742188,
            "2_snapshot_rows": 0.0037698745727539062,
            "3_select": 0.00354766845703125
        },
        "create_final_entities": {
            "overall": 4.258734703063965,
            "0_unpack_graph": 0.005387306213378906,
            "1_rename": 0.003867626190185547,
            "2_select": 0.004034757614135742,
            "3_dedupe": 0.010711431503295898,
            "4_rename": 0.0040705204010009766,
            "5_filter": 0.01024007797241211,
            "6_text_split": 0.0047075748443603516,
            "7_drop": 0.004487752914428711,
            "8_merge": 0.0072977542877197266,
            "9_text_embed": 4.171483516693115,
            "10_drop": 0.008661508560180664,
            "11_filter": 0.020125389099121094
        },
        "create_final_nodes": {
            "overall": 0.10789084434509277,
            "0_layout_graph": 0.015980958938598633,
            "1_unpack_graph": 0.006545066833496094,
            "2_unpack_graph": 0.0064280033111572266,
            "3_drop": 0.005387306213378906,
            "4_filter": 0.012409210205078125,
            "5_select": 0.005665302276611328,
            "6_snapshot": 0.006016969680786133,
            "7_rename": 0.005912303924560547,
            "8_join": 0.011621475219726562,
            "9_convert": 0.02037978172302246,
            "10_rename": 0.006239891052246094
        },
        "create_final_communities": {
            "overall": 0.14433073997497559,
            "0_unpack_graph": 0.007895946502685547,
            "1_unpack_graph": 0.00759577751159668,
            "2_aggregate_override": 0.015379190444946289,
            "3_join": 0.009487152099609375,
            "4_join": 0.009088993072509766,
            "5_concat": 0.006877422332763672,
            "6_filter": 0.01633596420288086,
            "7_aggregate_override": 0.008231639862060547,
            "8_join": 0.009244918823242188,
            "9_filter": 0.016402721405029297,
            "10_fill": 0.007534027099609375,
            "11_merge": 0.007950305938720703,
            "12_copy": 0.007682323455810547,
            "13_select": 0.007786989212036133
        },
        "join_text_units_to_entity_ids": {
            "overall": 0.03446698188781738,
            "0_select": 0.008126497268676758,
            "1_unroll": 0.008800029754638672,
            "2_aggregate_override": 0.009275674819946289
        },
        "create_final_relationships": {
            "overall": 0.11707401275634766,
            "0_unpack_graph": 0.009676456451416016,
            "1_filter": 0.018326282501220703,
            "2_rename": 0.008571386337280273,
            "3_filter": 0.01845407485961914,
            "4_drop": 0.008829355239868164,
            "5_compute_edge_combined_degree": 0.01708078384399414,
            "6_convert": 0.018522262573242188,
            "7_convert": 0.009025812149047852
        },
        "join_text_units_to_relationship_ids": {
            "overall": 0.050220489501953125,
            "0_select": 0.009708642959594727,
            "1_unroll": 0.010179519653320312,
            "2_aggregate_override": 0.010593652725219727,
            "3_select": 0.009902238845825195
        },
        "create_final_community_reports": {
            "overall": 62.66476845741272,
            "0_prepare_community_reports_nodes": 0.010749340057373047,
            "1_prepare_community_reports_edges": 0.010532379150390625,
            "2_restore_community_hierarchy": 0.011556863784790039,
            "3_prepare_community_reports": 0.025945425033569336,
            "4_create_community_reports": 62.583417654037476,
            "5_window": 0.011985063552856445
        },
        "create_final_text_units": {
            "overall": 0.08288955688476562,
            "0_select": 0.010741949081420898,
            "1_rename": 0.010706663131713867,
            "2_join": 0.013292312622070312,
            "3_join": 0.01318812370300293,
            "4_aggregate_override": 0.01246500015258789,
            "5_select": 0.011378765106201172
        },
        "create_base_documents": {
            "overall": 0.1331181526184082,
            "0_unroll": 0.012285232543945312,
            "1_select": 0.011657953262329102,
            "2_rename": 0.011717796325683594,
            "3_join": 0.013818740844726562,
            "4_aggregate_override": 0.012531280517578125,
            "5_join": 0.021505117416381836,
            "6_rename": 0.013088703155517578,
            "7_convert": 0.024579763412475586
        },
        "create_final_documents": {
            "overall": 0.02518439292907715,
            "0_rename": 0.01239776611328125
        }
    }
}