{
    "total_runtime": 1558.5161752700806,
    "num_documents": 1,
    "input_load_time": 0,
    "workflows": {
        "create_base_text_units": {
            "overall": 0.1229104995727539,
            "0_orderby": 0.0014197826385498047,
            "1_zip": 0.0015444755554199219,
            "2_aggregate_override": 0.0025606155395507812,
            "3_chunk": 0.09691357612609863,
            "4_select": 0.002233266830444336,
            "5_unroll": 0.0023932456970214844,
            "6_rename": 0.0018208026885986328,
            "7_genid": 0.002276897430419922,
            "8_unzip": 0.002226591110229492,
            "9_copy": 0.001995086669921875,
            "10_filter": 0.006227254867553711
        },
        "create_base_extracted_entities": {
            "overall": 1274.2524876594543,
            "0_entity_extract": 1274.2361381053925,
            "1_snapshot": 0.003933906555175781,
            "2_merge_graphs": 0.006867408752441406,
            "3_snapshot_rows": 0.002986431121826172
        },
        "create_summarized_entities": {
            "overall": 276.62951397895813,
            "0_summarize_descriptions": 276.6232566833496,
            "1_snapshot_rows": 0.0033211708068847656
        },
        "create_base_entity_graph": {
            "overall": 0.030736684799194336,
            "0_cluster_graph": 0.01620626449584961,
            "1_snapshot_rows": 0.0038433074951171875,
            "2_snapshot_rows": 0.0037136077880859375,
            "3_select": 0.00360107421875
        },
        "create_final_entities": {
            "overall": 5.711537837982178,
            "0_unpack_graph": 0.004884004592895508,
            "1_rename": 0.003825664520263672,
            "2_select": 0.003945112228393555,
            "3_dedupe": 0.0041141510009765625,
            "4_rename": 0.004056215286254883,
            "5_filter": 0.00988912582397461,
            "6_text_split": 0.004634380340576172,
            "7_drop": 0.004460811614990234,
            "8_merge": 0.0068705081939697266,
            "9_text_embed": 5.6228108406066895,
            "10_drop": 0.008748769760131836,
            "11_filter": 0.029374361038208008
        },
        "create_final_nodes": {
            "overall": 0.10548877716064453,
            "0_layout_graph": 0.01558232307434082,
            "1_unpack_graph": 0.00610661506652832,
            "2_unpack_graph": 0.006093263626098633,
            "3_drop": 0.005303382873535156,
            "4_filter": 0.012244462966918945,
            "5_select": 0.005611419677734375,
            "6_snapshot": 0.0058383941650390625,
            "7_rename": 0.005860090255737305,
            "8_join": 0.009622812271118164,
            "9_convert": 0.02184009552001953,
            "10_rename": 0.006124973297119141
        },
        "create_final_communities": {
            "overall": 0.13892865180969238,
            "0_unpack_graph": 0.00722956657409668,
            "1_unpack_graph": 0.0069828033447265625,
            "2_aggregate_override": 0.01486968994140625,
            "3_join": 0.009195566177368164,
            "4_join": 0.008710861206054688,
            "5_concat": 0.0067179203033447266,
            "6_filter": 0.015512466430664062,
            "7_aggregate_override": 0.007921934127807617,
            "8_join": 0.009099245071411133,
            "9_filter": 0.01591038703918457,
            "10_fill": 0.0074558258056640625,
            "11_merge": 0.007637500762939453,
            "12_copy": 0.007462501525878906,
            "13_select": 0.0075762271881103516
        },
        "join_text_units_to_entity_ids": {
            "overall": 0.03392505645751953,
            "0_select": 0.007918119430541992,
            "1_unroll": 0.008501052856445312,
            "2_aggregate_override": 0.009354591369628906
        },
        "create_final_relationships": {
            "overall": 0.11002969741821289,
            "0_unpack_graph": 0.009286642074584961,
            "1_filter": 0.018648862838745117,
            "2_rename": 0.008571386337280273,
            "3_filter": 0.018656492233276367,
            "4_drop": 0.008840799331665039,
            "5_compute_edge_combined_degree": 0.010333538055419922,
            "6_convert": 0.01788473129272461,
            "7_convert": 0.00902700424194336
        },
        "join_text_units_to_relationship_ids": {
            "overall": 0.0483698844909668,
            "0_select": 0.009226560592651367,
            "1_unroll": 0.009812355041503906,
            "2_aggregate_override": 0.010231733322143555,
            "3_select": 0.009628772735595703
        }
    }
}