{
    "total_runtime": 0.23555970191955566,
    "num_documents": 1,
    "input_load_time": 0,
    "workflows": {
        "create_base_text_units": {
            "overall": 0.1244504451751709,
            "0_orderby": 0.0013544559478759766,
            "1_zip": 0.0015282630920410156,
            "2_aggregate_override": 0.002489805221557617,
            "3_chunk": 0.09900927543640137,
            "4_select": 0.0021927356719970703,
            "5_unroll": 0.002344846725463867,
            "6_rename": 0.001791238784790039,
            "7_genid": 0.0022406578063964844,
            "8_unzip": 0.0021712779998779297,
            "9_copy": 0.001935720443725586,
            "10_filter": 0.006089687347412109
        }
    }
}